{
  "config": {
    "starting_account_count": 3,
    "new_account_sampling_cycle": 0,
    "account_count_growth_rate": 1.0,
    "maximum_account_count": 0,
    "allowed_asset_sampling": {
      "1": 10000
    },
    "action_sampling_ranges": {
      "none": {
        "start": 1.0,
        "end": 100.0
      },
      "public_deposit": {
        "start": 1.0,
        "end": 25.0
      },
      "public_withdraw": {
        "start": 1.0,
        "end": 25.0
      },
      "mint": {
        "start": 50.0,
        "end": 100.0
      },
      "private_transfer": {
        "start": 50.0,
        "end": 100.0
      },
      "reclaim": {
        "start": 50.0,
        "end": 100.0
      }
    },
    "maximum_updates_per_step": 2048,
    "maximum_total_updates": 262144
  },
  "initial_accounts": [
    {
      "public": {
        "1": 200305
      },
      "secret": {},
      "actions": {
        "none": 0.08488087754893602,
        "public_deposit": 0.08605765199896818,
        "public_withdraw": 0.04655835865775995,
        "mint": 0.27971618531348613,
        "private_transfer": 0.22762665392146023,
        "reclaim": 0.2751602725593897
      }
    },
    {
      "public": {
        "1": 166539
      },
      "secret": {},
      "actions": {
        "none": 0.18825670011786846,
        "public_deposit": 0.02470030780749922,
        "public_withdraw": 0.07743685899196678,
        "mint": 0.2468664738239033,
        "private_transfer": 0.287560336645698,
        "reclaim": 0.17517932261306438
      }
    },
    {
      "public": {
        "1": 112526
      },
      "secret": {},
      "actions": {
        "none": 0.2326371963279902,
        "public_deposit": 0.036371892064483956,
        "public_withdraw": 0.00768539758940283,
        "mint": 0.24195816234762563,
        "private_transfer": 0.2606550349829496,
        "reclaim": 0.2206923166875477
      }
    }
  ],
  "final_accounts": [
    {
      "public": {
        "1": 200222
      },
      "secret": {
        "1": 2378
      },
      "actions": {
        "none": 0.08488087754893602,
        "public_deposit": 0.08605765199896818,
        "public_withdraw": 0.04655835865775995,
        "mint": 0.27971618531348613,
        "private_transfer": 0.22762665392146023,
        "reclaim": 0.2751602725593897
      }
    },
    {
      "public": {
        "1": 151537
      },
      "secret": {
        "1": 87
      },
      "actions": {
        "none": 0.18825670011786846,
        "public_deposit": 0.02470030780749922,
        "public_withdraw": 0.07743685899196678,
        "mint": 0.2468664738239033,
        "private_transfer": 0.287560336645698,
        "reclaim": 0.17517932261306438
      }
    },
    {
      "public": {
        "1": 108841
      },
      "secret": {
        "1": 6888
      },
      "actions": {
        "none": 0.2326371963279902,
        "public_deposit": 0.036371892064483956,
        "public_withdraw": 0.00768539758940283,
        "mint": 0.24195816234762563,
        "private_transfer": 0.2606550349829496,
        "reclaim": 0.2206923166875477
      }
    }
  ],
  "updates": [
    {
      "type": "Reclaim",
      "sender_index": 0,
      "asset": {
        "id": 1,
        "value": 0
      }
    },
    {
      "type": "Reclaim",
      "sender_index": 1,
      "asset": {
        "id": 1,
        "value": 0
      }
    },
    {
      "type": "Mint",
      "source_index": 2,
      "asset": {
        "id": 1,
        "value": 2962
      }
    },
    {
      "type": "Mint",
      "source_index": 2,
      "asset": {
        "id": 1,
        "value": 2114
      }
    },
    {
      "type": "Mint",
      "source_index": 1,
      "asset": {
        "id": 1,
        "value": 2500
      }
    },
    {
      "type": "PrivateTransfer",
      "sender_index": 2,
      "receiver_index": 0,
      "asset": {
        "id": 1,
        "value": 3297
      }
    },
    {
      "type": "PublicWithdraw",
      "account_index": 1,
      "asset": {
        "id": 1,
        "value": 9417
      }
    },
    {
      "type": "Reclaim",
      "sender_index": 0,
      "asset": {
        "id": 1,
        "value": 2292
      }
    },
    {
      "type": "Mint",
      "source_index": 1,
      "asset": {
        "id": 1,
        "value": 3804
      }
    },
    {
      "type": "Reclaim",
      "sender_index": 2,
      "asset": {
        "id": 1,
        "value": 617
      }
    },
    {
      "type": "PrivateTransfer",
      "sender_index": 0,
      "receiver_index": 2,
      "asset": {
        "id": 1,
        "value": 1002
      }
    },
    {
      "type": "Reclaim",
      "sender_index": 2,
      "asset": {
        "id": 1,
        "value": 774
      }
    },
    {
      "type": "PrivateTransfer",
      "sender_index": 2,
      "receiver_index": 1,
      "asset": {
        "id": 1,
        "value": 681
      }
    },
    {
      "type": "Mint",
      "source_index": 0,
      "asset": {
        "id": 1,
        "value": 3110
      }
    },
    {
      "type": "Mint",
      "source_index": 1,
      "asset": {
        "id": 1,
        "value": 321
      }
    },
    {
      "type": "Reclaim",
      "sender_index": 0,
      "asset": {
        "id": 1,
        "value": 1478
      }
    },
    {
      "type": "PrivateTransfer",
      "sender_index": 1,
      "receiver_index": 2,
      "asset": {
        "id": 1,
        "value": 6472
      }
    },
    {
      "type": "Reclaim",
      "sender_index": 0,
      "asset": {
        "id": 1,
        "value": 442
      }
    },
    {
      "type": "PrivateTransfer",
      "sender_index": 2,
      "receiver_index": 1,
      "asset": {
        "id": 1,
        "value": 293
      }
    },
    {
      "type": "Reclaim",
      "sender_index": 1,
      "asset": {
        "id": 1,
        "value": 1040
      }
    },
    {
      "type": "Mint",
      "source_index": 0,
      "asset": {
        "id": 1,
        "value": 1185
      }
    }
  ]
}
